{"mean":{"confidence_interval":{"confidence_level":0.95,"lower_bound":1442592479088.0,"upper_bound":1442592479088.0002},"point_estimate":1442592479088.0,"standard_error":0.01605308547952849},"median":{"confidence_interval":{"confidence_level":0.95,"lower_bound":1442592479088.0,"upper_bound":1442592479088.0002},"point_estimate":1442592479088.0,"standard_error":0.01605308547952849},"median_abs_dev":{"confidence_interval":{"confidence_level":0.95,"lower_bound":0.0,"upper_bound":0.00018098144209943712},"point_estimate":0.00018098144209943712,"standard_error":0.00009049113180831341},"slope":null,"std_dev":{"confidence_interval":{"confidence_level":0.95,"lower_bound":0.0,"upper_bound":0.000244140625},"point_estimate":0.000244140625,"standard_error":0.00012207086660585235}}