{"mean":{"confidence_interval":{"confidence_level":0.95,"lower_bound":222357575.0,"upper_bound":229927203.0},"point_estimate":226142389.0,"standard_error":2676247.8335863687},"median":{"confidence_interval":{"confidence_level":0.95,"lower_bound":222357575.0,"upper_bound":229927203.0},"point_estimate":226142389.0,"standard_error":2676247.8335863687},"median_abs_dev":{"confidence_interval":{"confidence_level":0.95,"lower_bound":0.0,"upper_bound":5611365.136778355},"point_estimate":5611365.136778355,"standard_error":2805696.5963443574},"slope":{"confidence_interval":{"confidence_level":0.95,"lower_bound":222357575.0,"upper_bound":229927203.0},"point_estimate":223871500.6,"standard_error":2900412.9189847517},"std_dev":{"confidence_interval":{"confidence_level":0.95,"lower_bound":0.0,"upper_bound":5352535.289859563},"point_estimate":5352535.289859563,"standard_error":2676281.0258308463}}