{"mean":{"confidence_interval":{"confidence_level":0.95,"lower_bound":327282214453.0,"upper_bound":327282214453.00006},"point_estimate":327282214453.0,"standard_error":0.5029476137099467},"median":{"confidence_interval":{"confidence_level":0.95,"lower_bound":327282214453.0,"upper_bound":327282214453.00006},"point_estimate":327282214453.0,"standard_error":0.5029476137099467},"median_abs_dev":{"confidence_interval":{"confidence_level":0.95,"lower_bound":0.0,"upper_bound":0.00004524536052485928},"point_estimate":0.00004524536052485928,"standard_error":0.00002262263175435268},"slope":null,"std_dev":{"confidence_interval":{"confidence_level":0.95,"lower_bound":0.0,"upper_bound":0.00006103515625},"point_estimate":0.00006103515625,"standard_error":0.000030517512688447407}}